,Neg Gender X Time Clust 1,Neg Gender X Time Clust 2,Neg Gender X Time Clust 3,Neg Gender X Time Clust 4,Class X Gender X Time Clust 1,Class X Gender X Time Clust 2,Class X Gender X Time Clust 3,Condition,Session,Subject,Gender,Class,Gender And Class
0,1.4851027,2.4150996,-7.5825033,-2.0313637,13.659383,16.340864,-16.803932,retr,pre,101,F,Lecture,Lecture F
1,23.554415,8.008616,4.696402,18.169527,47.109665,26.15062,32.594128,retr,pre,102,M,Modeling,Modeling M
2,3.5804896,-0.5756562,2.319325,-0.1335773,9.804849,-0.160376,-25.867615,retr,pre,103,M,Lecture,Lecture M
3,-3.3949518,-5.677502,0.049634103,-1.8976977,-2.9966793,-11.354383,-7.3298173,retr,pre,104,F,Modeling,Modeling F
4,-1.4680383,-3.2691033,-4.067667,0.71332014,19.0592,11.465408,-38.078934,retr,pre,106,M,Modeling,Modeling M
5,6.3054543,3.0856063,3.3405926,-0.13378029,50.28409,35.883476,-16.878319,retr,pre,107,F,Lecture,Lecture F
6,14.882197,6.085304,9.783444,10.001092,54.874966,21.231352,-7.5725436,retr,pre,108,F,Lecture,Lecture F
7,-1.0571226,0.05716823,3.624345,4.9292006,-28.43822,12.463763,-40.2308,retr,pre,110,M,Lecture,Lecture M
8,3.5702136,4.6226335,-3.5171185,-1.1447309,9.824226,4.5416565,-31.219637,retr,pre,212,M,Lecture,Lecture M
9,12.8804655,7.434254,7.18237,10.040888,25.603094,32.670113,5.649515,retr,pre,214,F,Modeling,Modeling F
10,7.718509,2.0107167,3.0528624,0.74108386,14.543477,8.177385,-7.974599,retr,pre,215,M,Modeling,Modeling M
11,-16.677443,-9.276974,-3.0502102,-13.969967,-4.424116,10.323446,-28.486008,retr,pre,216,F,Lecture,Lecture F
12,10.087104,-2.0206199,-2.5342126,-3.97057,38.369793,16.850039,-25.394533,retr,pre,217,M,Lecture,Lecture M
13,-4.871106,-5.6401415,-3.086137,-1.5997869,3.9570272,10.941699,4.516224,retr,pre,218,F,Lecture,Lecture F
14,-6.96923,-2.9293916,0.9949814,5.0764933,5.6246314,-14.028688,-30.274813,retr,pre,219,M,Lecture,Lecture M
15,-5.370533,-6.41104,1.4564676,-11.544209,13.219183,7.7272925,-30.711441,retr,pre,320,F,Lecture,Lecture F
16,-5.6541185,-1.1706004,5.9319305,0.6477958,-1.9521728,24.248116,-17.226585,retr,pre,321,F,Modeling,Modeling F
17,2.4660852,-5.2432213,-6.682056,-5.7080064,7.623526,11.128211,15.5174465,retr,pre,323,F,Lecture,Lecture F
18,-17.103836,-4.166739,-7.547546,-7.3219366,-18.347052,-13.108268,-25.531645,retr,pre,324,F,Modeling,Modeling F
19,-6.1806316,-0.24387906,-1.037245,1.4013699,4.510714,0.38575548,-29.356522,retr,pre,325,M,Modeling,Modeling M
20,0.013133444,3.935146,-0.88181126,-14.67718,-0.4898755,-4.198494,-33.555077,retr,pre,327,M,Lecture,Lecture M
21,-7.4952493,-0.8875086,-0.46038553,-7.825156,13.376793,2.1154897,-41.745,retr,pre,328,F,Lecture,Lecture F
22,-12.732101,-13.32182,-1.2841448,-13.20388,12.601968,6.336332,-35.195107,retr,pre,330,F,Lecture,Lecture F
23,-6.580062,-5.3886714,-6.059447,-12.346714,-5.3855824,-1.4797266,-17.622684,retr,pre,331,F,Lecture,Lecture F
24,-5.6502266,-1.1659924,-1.5368503,5.2246294,14.05266,5.331677,-24.768242,retr,pre,333,F,Lecture,Lecture F
25,1.9440466,-0.09437613,-1.7833377,11.098748,7.2883654,9.800828,-19.508923,retr,pre,334,M,Modeling,Modeling M
26,-16.824478,-9.156717,-9.061301,-9.581219,12.087142,3.2375884,-42.035435,retr,pre,335,M,Modeling,Modeling M
27,2.5733438,6.5297704,5.2717543,-4.2980337,4.3627987,14.1338005,-42.33129,retr,pre,336,M,Modeling,Modeling M
28,15.469216,24.770061,12.581809,20.114378,27.178074,3.1337616,-10.459928,retr,pre,337,M,Modeling,Modeling M
29,-5.061619,0.5493652,-5.346876,-4.7551785,10.639761,12.098821,-19.477476,retr,pre,338,M,Modeling,Modeling M
30,-3.6014006,7.9544535,9.410092,-1.2399527,2.8145058,1.6374278,-20.416416,retr,pre,339,F,Modeling,Modeling F
31,12.198496,11.315028,0.4924393,1.3953651,46.90381,37.96073,-3.307035,retr,pre,340,M,Modeling,Modeling M
32,-11.841017,-2.2574978,-7.8839235,-6.5425296,4.768391,-7.6769547,-36.367638,retr,pre,341,M,Modeling,Modeling M
33,6.1011186,6.306474,11.568328,1.6842456,7.5056233,18.460335,-0.24457206,retr,pre,342,F,Modeling,Modeling F
34,-16.811298,-7.892745,-5.263118,-11.415701,-0.45767134,-14.61645,-39.055103,retr,pre,343,F,Lecture,Lecture F
35,-13.530644,-1.7809436,-2.8217475,-9.680934,-19.867283,-1.8356544,-29.415892,retr,pre,344,F,Modeling,Modeling F
36,1.5480181,-5.3447795,-4.1548615,-1.83734,-4.0230045,4.743835,-14.81858,retr,pre,345,F,Modeling,Modeling F
37,-4.1283417,0.79673064,1.7072376,-1.5802314,3.6914115,19.69263,-12.145371,retr,pre,346,F,Modeling,Modeling F
38,6.2709823,-2.1540637,3.2127197,13.047981,1.5331012,14.277201,-16.866058,retr,pre,347,M,Modeling,Modeling M
39,-1.7234432,2.7343626,-0.3167209,-13.335613,18.91314,6.640472,-13.242339,retr,pre,348,F,Lecture,Lecture F
40,19.345215,20.508224,14.166368,36.3752,47.072033,53.328396,23.904417,retr,pre,349,F,Lecture,Lecture F
41,1.7644405,3.1607628,7.573416,9.2992935,10.593747,-3.0740323,-44.889496,retr,pre,350,F,Modeling,Modeling F
42,4.5282083,2.6908665,-4.35551,-0.42336944,23.474468,47.489967,-24.867277,retr,pre,451,M,Modeling,Modeling M
43,-6.5199776,-0.06935647,-3.0251143,-5.6800222,-6.04871,0.88331306,-57.036285,retr,pre,453,M,Lecture,Lecture M
44,3.227875,-3.7818244,-8.7961445,-19.267647,-3.699122,7.5804005,-9.913758,retr,pre,455,F,Modeling,Modeling F
45,-15.639761,-15.086977,-4.536969,-19.064716,-8.675261,-11.010004,-29.686766,retr,pre,458,F,Lecture,Lecture F
46,5.052666,3.2157128,9.234292,7.9402013,31.133911,43.622852,-9.493223,retr,pre,459,M,Modeling,Modeling M
47,-11.639262,-11.314462,-1.5896289,-6.7243986,-10.499937,-3.5466294,-20.043648,retr,pre,460,F,Modeling,Modeling F
48,-10.776755,-2.7299886,-15.885342,-7.928082,10.962002,6.775706,-27.516384,retr,pre,462,F,Lecture,Lecture F
49,-5.6892,-5.7648034,0.45034638,-2.2053385,-0.3094265,-5.0314074,-36.544724,retr,pre,463,M,Lecture,Lecture M
50,8.145903,0.6712903,6.6006308,1.4459999,29.949358,-1.7708644,-7.9537926,retr,pre,464,M,Lecture,Lecture M
51,-21.761183,-15.588974,-15.456675,-4.6201463,-18.267336,-14.604161,-28.807535,retr,pre,465,F,Modeling,Modeling F
52,13.7283535,3.1421573,7.3904815,11.542707,35.925056,15.9476385,-0.5164276,retr,pre,467,M,Lecture,Lecture M
53,0.788221,6.14621,2.861185,2.103984,9.483212,5.3341584,-37.055687,retr,pre,468,M,Lecture,Lecture M
54,5.7587557,6.783664,2.7025268,5.075801,12.841646,7.585445,-32.9915,retr,pre,469,M,Modeling,Modeling M
55,5.794914,3.7023277,7.5343866,1.9106312,15.815809,6.28331,-6.3016353,retr,pre,470,M,Lecture,Lecture M
56,-4.2947702,-8.322776,-3.0083878,5.0873218,-7.404506,4.116793,-8.606547,retr,pre,502,F,Modeling,Modeling F
57,3.9771473,11.631339,0.6967483,-2.1670861,17.374186,10.768769,5.5286574,retr,pre,503,M,Modeling,Modeling M
58,3.9437885,-0.5246718,-1.0550294,2.8556542,0.5093292,15.680017,-4.023254,retr,pre,571,M,Modeling,Modeling M
59,-2.1676276,-4.9704213,3.3525453,-3.0865142,16.63495,-8.060047,-12.592627,retr,pre,572,F,Modeling,Modeling F
60,-5.766762,-6.295906,-4.924637,-7.1469045,7.32504,9.7286005,-15.242801,retr,pre,573,F,Modeling,Modeling F
61,-3.6233904,-7.0616455,6.277365,-7.4842463,14.199416,11.4939165,-14.176817,retr,pre,574,F,Lecture,Lecture F
62,4.046121,-2.169649,6.3441534,9.40992,7.102652,25.384573,-36.57327,retr,pre,577,M,Lecture,Lecture M
63,6.1505613,4.3026066,3.7746146,6.968772,30.33554,20.481293,-15.439728,retr,pre,578,M,Modeling,Modeling M
64,-5.849952,1.7901183,7.335102,-5.2841744,14.284869,1.1125579,-43.900604,retr,pre,581,M,Lecture,Lecture M
65,-1.3277107,2.1756985,5.342523,3.4304402,7.8105016,2.6519308,-38.418056,retr,pre,582,F,Modeling,Modeling F
66,-12.276173,-10.139126,-2.062531,-8.505497,1.1841823,-6.5693893,-21.059486,retr,pre,584,F,Modeling,Modeling F
67,2.531818,1.3894048,0.0986702,5.2647943,9.244322,-4.2222037,-26.230494,retr,pre,585,M,Modeling,Modeling M
68,1.5364084,-5.410517,7.8512487,-2.412961,13.312446,6.543173,-27.684277,retr,pre,586,M,Lecture,Lecture M
69,-16.119732,-10.518479,-3.7056189,-8.592654,-13.96742,-11.136408,-47.51372,retr,pre,587,M,Lecture,Lecture M
70,8.058241,5.9252725,-3.942595,-3.1687376,11.611606,24.776197,-8.261102,retr,pre,588,F,Lecture,Lecture F
71,-9.970898,-2.1578445,-2.4327211,-7.5138984,-2.259432,13.113885,-42.462738,retr,pre,589,F,Modeling,Modeling F
72,-10.4844885,-0.92682534,-1.3050287,5.0727754,-4.108897,-21.530136,-33.204662,retr,pre,591,F,Modeling,Modeling F
73,-6.711743,-3.9553525,2.3128352,-0.4157393,5.4719157,6.0060277,-32.656143,retr,pre,592,F,Lecture,Lecture F
74,17.282677,13.5351095,7.395505,10.020511,34.22949,33.66353,21.35009,retr,pre,593,F,Lecture,Lecture F
75,-6.4108386,5.2105093,2.1383512,6.632743,-9.838513,-24.321312,-49.383583,retr,pre,594,M,Modeling,Modeling M
76,-4.5873756,-1.4111627,-2.011268,-30.643309,-3.5973992,-3.9429834,-21.410059,retr,pre,595,M,Modeling,Modeling M
77,4.1210136,7.055268,4.5834694,2.258795,19.970488,25.361118,-5.6837783,retr,pre,596,M,Modeling,Modeling M
78,3.9862895,0.52608216,4.849391,-6.549727,5.3789186,0.01039906,-1.3096852,retr,pre,597,M,Lecture,Lecture M
79,4.5210524,0.897652,0.33464202,2.9511466,28.424707,24.634424,-25.145597,retr,pre,598,M,Lecture,Lecture M
80,8.992893,1.935889,-2.3550448,-2.3566585,11.874572,32.77036,-10.089,retr,pre,604,M,Modeling,Modeling M
81,3.141199,-3.5225844,6.2975483,-12.506228,15.663858,30.990023,-6.297603,retr,pre,605,F,Lecture,Lecture F
82,-8.800472,-7.838249,-7.2633524,-4.9245157,1.5228255,12.855678,-37.26647,retr,pre,606,M,Lecture,Lecture M
83,0.9696402,5.0745792,5.31416,-5.5442863,5.3267837,13.359046,-6.1619506,retr,pre,607,M,Lecture,Lecture M
84,-1.3323982,-0.53380644,4.4371405,8.97507,6.4687266,3.5153081,-28.586885,retr,pre,608,M,Lecture,Lecture M
85,-0.7330094,2.9510686,3.4819465,-2.5529845,6.925857,14.664407,-25.672377,retr,pre,609,M,Modeling,Modeling M
86,-4.371959,-3.459222,-2.0813677,-13.716397,-3.7319436,0.9284373,-6.857708,retr,pre,610,M,Modeling,Modeling M
87,0.11900517,1.5385275,6.2976384,2.6703715,20.447403,5.0861697,-18.817701,retr,pre,612,M,Modeling,Modeling M
88,4.033675,0.79556257,6.2255707,-11.702609,19.91105,11.127312,-13.366394,retr,pre,613,M,Lecture,Lecture M
89,-8.961983,-7.9789996,-1.0778546,-8.63898,-14.21808,-10.586563,-34.908287,retr,pre,614,F,Lecture,Lecture F
90,-23.896597,-9.490307,-8.382006,-6.0125117,-29.22527,-19.151394,-31.313614,retr,pre,615,F,Lecture,Lecture F
91,-1.0539718,3.9206853,-2.6375315,-7.803236,9.876756,-14.495516,-11.918262,retr,pre,617,M,Lecture,Lecture M
92,-2.5947976,-22.212818,-9.055,-10.364472,9.032351,-0.56331223,-53.584103,retr,pre,618,F,Modeling,Modeling F
93,3.440733,1.1840379,5.1022058,0.36527714,9.994109,4.090274,-22.645016,retr,pre,619,M,Lecture,Lecture M
94,5.769839,1.4492254,4.8116765,0.65544164,28.540474,7.1355095,5.9865704,retr,pre,620,M,Modeling,Modeling M
95,-5.244085,1.5906479,-4.552092,-8.642459,5.856538,-0.33999434,-30.15064,retr,pre,621,M,Modeling,Modeling M
96,4.1339602,3.738445,3.4739337,7.813059,5.8236785,17.176908,-13.107971,retr,pre,622,M,Modeling,Modeling M
97,-1.265109,-5.60467,1.960293,-1.4842551,4.9229736,14.615095,-41.10088,retr,pre,623,F,Modeling,Modeling F
98,-3.309631,-1.3783563,-6.687525,-14.383067,14.5156975,23.940336,-19.721577,retr,pre,624,M,Lecture,Lecture M
99,7.3291197,-8.152322,-5.8812203,-3.3230102,12.271201,42.920708,-9.405571,retr,pre,625,F,Lecture,Lecture F
100,10.515658,-0.77434963,0.21030098,6.205034,30.85452,14.992723,-12.340833,retr,pre,626,M,Modeling,Modeling M
101,-2.5206494,5.078173,4.1023602,-7.0315413,1.9264365,-0.4090609,-10.432072,retr,pre,627,M,Lecture,Lecture M
102,-4.992632,-6.12936,11.330585,1.8832703,5.498803,-5.2475615,-16.34834,retr,pre,629,M,Modeling,Modeling M
103,-3.0253763,-0.34781563,12.243709,-5.000501,12.244277,1.5773368,-16.883524,retr,pre,630,M,Modeling,Modeling M
104,-3.2178206,-2.5180895,-3.610395,-4.5853643,-2.8830092,11.8721,-16.616991,retr,pre,631,F,Modeling,Modeling F
105,-3.1750493,-4.7850575,-4.64156,-7.0018597,3.5445223,7.459187,9.10635,retr,pre,633,M,Modeling,Modeling M
106,-0.96317554,-7.1588454,-1.7287829,-0.39860904,14.796296,1.1759472,-28.626534,retr,pre,634,F,Lecture,Lecture F
0,-4.554911,2.0710828,9.335915,-3.1341798,-9.657184,-8.042769,-49.70116,retr,post,101,F,Lecture,Lecture F
1,-13.583057,-9.215669,-1.7673123,-12.080291,9.970931,-19.51858,-54.006264,retr,post,102,M,Modeling,Modeling M
2,5.6712475,3.6823869,4.5510406,4.615973,18.157503,10.710962,1.9716085,retr,post,103,M,Lecture,Lecture M
3,-3.998456,-5.36224,-5.239585,2.67239,21.620592,-2.4372702,-16.524681,retr,post,104,F,Modeling,Modeling F
4,-10.4568615,-4.4734693,-15.13492,-7.6626196,16.69548,0.6248565,-38.16485,retr,post,106,M,Modeling,Modeling M
5,-0.7782641,0.985338,-2.6187298,-5.2094083,23.166054,25.894495,-13.617062,retr,post,107,F,Lecture,Lecture F
6,14.592354,1.4900306,8.603282,5.8196054,29.087528,15.592305,-9.065193,retr,post,108,F,Lecture,Lecture F
7,-16.55037,-5.810789,-4.3543124,-10.247821,-7.083112,9.942519,-67.650246,retr,post,110,M,Lecture,Lecture M
8,-5.3567767,-3.0579534,-12.437497,-5.298124,14.787199,9.498462,-45.862003,retr,post,212,M,Lecture,Lecture M
9,5.1096463,2.1364331,-1.4186664,6.145666,29.659706,27.35984,3.3160162,retr,post,214,F,Modeling,Modeling F
10,-5.7037244,-8.313043,-2.2697225,-4.642279,-0.5922031,-8.338064,-54.280846,retr,post,215,M,Modeling,Modeling M
11,2.0036542,-1.1053737,2.0131602,-7.490057,8.008978,3.686729,-19.847446,retr,post,216,F,Lecture,Lecture F
12,-1.4006275,2.0356252,5.94095,7.0007787,-8.501627,7.775573,17.138432,retr,post,217,M,Lecture,Lecture M
13,7.0772986,2.229525,1.4340708,8.890201,4.3772054,7.7317967,-18.684586,retr,post,218,F,Lecture,Lecture F
14,-4.2608776,-12.575288,-6.7405186,-7.7265677,25.61955,9.209194,-41.158463,retr,post,219,M,Lecture,Lecture M
15,-4.2218847,-4.8804593,2.1408389,-6.128869,3.807307,-6.2003026,-25.163057,retr,post,320,F,Lecture,Lecture F
16,5.446387,-0.17525612,2.6596255,4.1451283,23.566957,25.694605,0.24862444,retr,post,321,F,Modeling,Modeling F
17,-5.537516,-7.3400574,-4.8529344,1.7988164,6.0252256,5.3446302,-10.861797,retr,post,323,F,Lecture,Lecture F
18,-7.6891146,-2.571268,-6.9312816,-1.651102,-4.141212,-3.187076,-6.6055937,retr,post,324,F,Modeling,Modeling F
19,-0.9175711,2.4506106,-0.780675,0.46095386,4.0044885,-0.993892,-22.736513,retr,post,325,M,Modeling,Modeling M
20,2.9519024,-6.7567625,9.710169,-3.232042,24.950619,13.983325,-10.319082,retr,post,327,M,Lecture,Lecture M
21,-5.1549425,0.8313812,-1.8588574,-3.702213,16.446558,20.490892,-19.381119,retr,post,328,F,Lecture,Lecture F
22,12.758102,16.315697,8.583774,3.0933745,17.109318,25.022078,1.3158829,retr,post,330,F,Lecture,Lecture F
23,-0.8256158,1.4479958,8.627289,-17.408548,0.14850019,1.0833765,-15.573343,retr,post,331,F,Lecture,Lecture F
24,6.218226,1.108173,-5.3393826,-11.272136,11.970765,17.368078,-17.540037,retr,post,333,F,Lecture,Lecture F
25,5.873617,8.070957,-2.867014,3.4853923,14.435538,9.257406,-17.254541,retr,post,334,M,Modeling,Modeling M
26,-9.983056,-3.0922902,-7.6851687,-7.0116673,18.497223,10.530674,-31.212933,retr,post,335,M,Modeling,Modeling M
27,-4.1704226,6.5748596,-3.9357998,-4.4409094,8.468175,-0.13126215,7.9850764,retr,post,336,M,Modeling,Modeling M
28,12.92232,2.447693,2.8919268,2.9044874,31.14323,14.26758,8.456493,retr,post,337,M,Modeling,Modeling M
29,-1.3001812,0.24356325,1.6493013,3.417114,14.269729,13.754051,-12.287982,retr,post,338,M,Modeling,Modeling M
30,3.2583463,5.175565,13.190007,1.5999303,15.140152,7.1505246,-17.855694,retr,post,339,F,Modeling,Modeling F
31,3.982152,-1.1617662,5.810578,2.4786181,27.866423,25.603533,-12.63988,retr,post,340,M,Modeling,Modeling M
32,-6.583528,-6.3793445,-4.7437787,-5.812378,-2.1219904,33.78183,-22.729687,retr,post,341,M,Modeling,Modeling M
33,9.783922,6.2715516,-5.552464,-6.7177787,30.038221,44.93424,16.04236,retr,post,342,F,Modeling,Modeling F
34,16.98985,13.507939,9.883639,15.78037,57.44771,34.801716,-7.2707253,retr,post,343,F,Lecture,Lecture F
35,-4.579445,-4.412245,-6.264954,-19.261072,20.508892,7.3634224,-33.25251,retr,post,344,F,Modeling,Modeling F
36,1.317596,-1.248079,2.1002042,-11.675527,6.6325536,19.950663,-23.258512,retr,post,345,F,Modeling,Modeling F
37,12.571145,8.289578,7.4035974,3.7505207,21.698444,33.482674,5.8147373,retr,post,346,F,Modeling,Modeling F
38,-1.8304956,9.672939,-8.245362,-5.103662,-7.9330096,9.496702,-34.112724,retr,post,347,M,Modeling,Modeling M
39,5.3033795,3.259342,5.378646,0.43314052,12.82855,1.2681813,-29.760618,retr,post,348,F,Lecture,Lecture F
40,-14.659067,-20.118471,-3.1921332,-15.08579,-21.144909,-21.305565,-43.947548,retr,post,349,F,Lecture,Lecture F
41,5.4397845,-5.05126,4.36537,6.8089595,16.653711,9.16877,-21.61312,retr,post,350,F,Modeling,Modeling F
42,-4.7731466,3.4291992,-4.1344357,-13.929453,8.481281,27.01478,-66.9611,retr,post,451,M,Modeling,Modeling M
43,-3.0525405,-7.7953725,-7.213255,0.058844157,-2.0888474,11.681534,-61.00748,retr,post,453,M,Lecture,Lecture M
44,21.467592,10.544522,8.167465,3.0697298,35.526905,32.174187,20.471008,retr,post,455,F,Modeling,Modeling F
45,15.865966,8.372228,11.142247,14.325907,18.191212,2.7246552,-22.684269,retr,post,458,F,Lecture,Lecture F
46,-9.012262,-4.093143,-0.7230333,-5.22008,3.0725322,25.69195,-14.417911,retr,post,459,M,Modeling,Modeling M
47,-5.2471604,-3.9981036,-0.06641213,-3.7491114,-3.6915576,8.757458,-15.666224,retr,post,460,F,Modeling,Modeling F
48,-0.9787502,5.357059,-2.3064291,-5.5236015,13.349062,-3.2312253,-8.639494,retr,post,462,F,Lecture,Lecture F
49,-12.804623,-9.857077,4.0595827,-14.978009,12.773453,-6.86797,-54.44958,retr,post,463,M,Lecture,Lecture M
50,8.432372,5.1993284,-1.8177342,4.3848066,19.09943,14.418175,22.898327,retr,post,464,M,Lecture,Lecture M
51,3.2576253,-1.2555505,0.17565387,-6.721374,22.498682,4.104445,-31.073828,retr,post,465,F,Modeling,Modeling F
52,-0.96047646,-2.5235133,-0.043066844,-1.1478881,27.78986,3.5663002,-31.252455,retr,post,467,M,Lecture,Lecture M
53,-4.1244802,-3.6521578,-0.28833568,-6.508086,-6.0914965,-20.925293,-22.703001,retr,post,468,M,Lecture,Lecture M
54,2.5276287,-3.9983177,-3.7327857,-12.017661,16.956526,7.887183,-25.927593,retr,post,469,M,Modeling,Modeling M
55,5.7090087,-6.1228285,-0.28525868,-10.10381,21.448275,18.849722,-14.351338,retr,post,470,M,Lecture,Lecture M
56,4.8312354,3.7187493,4.336395,7.490259,13.34343,12.734802,5.901637,retr,post,502,F,Modeling,Modeling F
57,2.2104068,19.271908,-3.6673207,-1.0393854,2.0879908,3.4331255,-4.046848,retr,post,503,M,Modeling,Modeling M
58,9.81817,2.5369246,1.1013765,-5.3948636,6.706267,8.926328,-4.83414,retr,post,571,M,Modeling,Modeling M
59,10.004642,1.9984587,3.8995852,2.6537895,22.25798,9.309868,-2.7526495,retr,post,572,F,Modeling,Modeling F
60,0.6004216,3.584452,5.1207166,4.312687,13.363098,17.56285,5.056215,retr,post,573,F,Modeling,Modeling F
61,9.240222,2.063714,5.98362,-2.7580824,18.208683,20.302994,-17.985373,retr,post,574,F,Lecture,Lecture F
62,3.372833,-1.1687255,-3.4623063,0.12564933,4.857134,11.5595665,-28.311867,retr,post,577,M,Lecture,Lecture M
63,0.9658351,-5.1805553,-1.3471336,-5.949416,6.535119,18.84491,-33.90286,retr,post,578,M,Modeling,Modeling M
64,0.55666834,-0.075551614,-4.438449,-9.694199,23.129328,29.435434,-17.363102,retr,post,581,M,Lecture,Lecture M
65,11.598877,19.722012,-4.9454613,0.26127413,31.711412,28.150345,13.063282,retr,post,582,F,Modeling,Modeling F
66,-6.9263425,-0.2841093,13.962321,-0.7866184,-4.416734,1.4435127,-3.3068192,retr,post,584,F,Modeling,Modeling F
67,-3.917141,1.1544198,-1.1669576,1.2611005,15.01363,0.86368984,-14.888604,retr,post,585,M,Modeling,Modeling M
68,9.963739,4.7633786,5.663942,-0.6464688,20.763037,7.09362,-1.1087816,retr,post,586,M,Lecture,Lecture M
69,0.83486927,0.49065614,2.8767438,-4.383722,14.410514,16.542946,-27.068562,retr,post,587,M,Lecture,Lecture M
70,-35.81278,-19.7024,0.36320877,-10.130503,-28.91869,-69.57684,-91.78313,retr,post,588,F,Lecture,Lecture F
71,14.225578,9.304402,10.999469,3.2649937,25.216148,34.1206,0.23759165,retr,post,589,F,Modeling,Modeling F
72,9.752013,4.211217,5.5810375,4.5993013,15.614782,12.601779,-14.697964,retr,post,591,F,Modeling,Modeling F
73,3.8657064,-2.829577,0.6409415,-8.599361,15.676014,23.541077,-12.500081,retr,post,592,F,Lecture,Lecture F
74,-3.3122287,-5.671052,2.3951092,-6.2123337,-1.1185424,-9.087127,-17.169762,retr,post,593,F,Lecture,Lecture F
75,5.2882876,6.299737,-3.1341255,-2.4688365,10.103382,18.244421,-27.311157,retr,post,594,M,Modeling,Modeling M
76,6.966886,-0.4500182,2.2448332,-21.932873,32.629894,-3.2091782,-26.253233,retr,post,595,M,Modeling,Modeling M
77,-2.0617313,0.6950558,2.6441865,-1.4181552,-6.918972,7.412918,-28.551085,retr,post,596,M,Modeling,Modeling M
78,-5.976269,-5.555735,3.1743236,-12.252446,-4.313997,-4.558217,-10.822257,retr,post,597,M,Lecture,Lecture M
79,-12.535182,-5.679574,-4.1547904,-13.480863,13.734415,6.288227,-30.36708,retr,post,598,M,Lecture,Lecture M
80,4.141179,1.3657686,-7.5442276,-7.7113223,0.54101557,-7.79665,-75.11866,retr,post,604,M,Modeling,Modeling M
81,2.051502,-4.230693,9.455496,-12.698623,14.660552,22.288977,-12.782522,retr,post,605,F,Lecture,Lecture F
82,-5.7343955,-13.546507,-6.9745836,-2.4372184,2.9935117,5.059743,-22.06411,retr,post,606,M,Lecture,Lecture M
83,-11.682984,-7.5700197,-1.4521803,-16.321083,-5.761762,-10.876696,-60.5952,retr,post,607,M,Lecture,Lecture M
84,-4.501993,-7.333389,-3.1400995,-3.3684888,17.481861,-0.8720952,-18.983248,retr,post,608,M,Lecture,Lecture M
85,-7.8287826,1.9788988,-1.6550752,-10.38984,6.2243223,12.47919,-28.545895,retr,post,609,M,Modeling,Modeling M
86,1.4759651,-1.4348902,-5.0302863,-13.597562,4.710005,8.429438,-0.26222375,retr,post,610,M,Modeling,Modeling M
87,1.433401,-1.5507755,2.878547,2.9631472,20.342789,-2.8192449,-18.766567,retr,post,612,M,Modeling,Modeling M
88,2.7377903,0.47098014,1.4914349,-18.865572,13.325433,5.964099,-5.295059,retr,post,613,M,Lecture,Lecture M
89,-1.5627598,2.1251075,0.93832797,1.6330194,5.37839,4.203351,-29.813534,retr,post,614,F,Lecture,Lecture F
90,-24.455408,-4.6847835,-7.280872,-19.331108,-25.562498,-56.90373,-71.87497,retr,post,615,F,Lecture,Lecture F
91,8.862988,12.001965,0.36149016,8.748585,19.595875,-3.6762288,-5.7819247,retr,post,617,M,Lecture,Lecture M
92,-2.7556615,-7.628922,1.0811749,4.0713754,-6.962227,-0.35930294,-11.029188,retr,post,618,F,Modeling,Modeling F
93,-0.553788,-6.874213,1.2458177,-12.446138,8.270172,11.216142,-29.949627,retr,post,619,M,Lecture,Lecture M
94,-14.993238,-8.69551,-9.087271,-20.410183,-18.325048,-32.68224,-34.435936,retr,post,620,M,Modeling,Modeling M
95,-0.5877619,4.670916,0.7795232,-7.5394955,19.896416,3.6749997,-35.45759,retr,post,621,M,Modeling,Modeling M
96,1.124162,-3.8496215,-3.1317577,4.459246,-6.8956714,-10.195284,-20.0854,retr,post,622,M,Modeling,Modeling M
97,-1.1075462,-0.22241925,0.3250651,-7.4493017,2.831068,1.9246954,-24.118088,retr,post,623,F,Modeling,Modeling F
98,-0.1934944,-3.196347,4.5003214,-15.239501,32.548866,34.410122,-8.0063715,retr,post,624,M,Lecture,Lecture M
99,15.489126,5.0329967,-1.9312382,12.027105,25.161943,26.31657,-32.345474,retr,post,625,F,Lecture,Lecture F
100,-0.86500674,-2.621865,-0.7299205,4.615699,17.658354,1.4966666,-28.117203,retr,post,626,M,Modeling,Modeling M
101,5.457791,10.0851145,7.620386,-3.296166,20.067554,9.545476,1.444397,retr,post,627,M,Lecture,Lecture M
102,-2.5937338,-2.2638595,6.107234,-5.2779326,8.261602,4.857771,-22.79911,retr,post,629,M,Modeling,Modeling M
103,-7.25132,-4.3930507,3.868693,-10.357864,1.56085,-13.906297,-26.081863,retr,post,630,M,Modeling,Modeling M
104,3.1558266,-1.0573354,5.766058,-2.5766268,10.404914,21.254107,-14.424325,retr,post,631,F,Modeling,Modeling F
105,-8.368134,-4.1059756,-14.838416,-11.620156,-13.907821,-19.881296,-39.40679,retr,post,633,M,Modeling,Modeling M
106,1.2426724,4.7232575,0.9690853,3.324495,2.436068,1.950465,-32.348896,retr,post,634,F,Lecture,Lecture F
